mes,MX,EEUU
mar-20,0.876604551,14949.3
abr-20,0.678097006,17259.4
may-20,0.642554396,16397.9
jun-20,0.712101587,16070.5